"Country","Overall LPI Score","Overall LPI Rank","Customs","Infrastructure","International Shipments","Logistics Quality & Competence","Tracking & Tracing","Timeliness","Year"
"Germany","4.11","1","4.00","4.34","3.66","4.14","4.18","4.48",2010
"Singapore","4.09","2","4.02","4.22","3.86","4.12","4.15","4.23",2010
"Sweden","4.08","3","3.88","4.03","3.83","4.22","4.22","4.32",2010
"Netherlands","4.07","4","3.98","4.25","3.61","4.15","4.12","4.41",2010
"Luxembourg","3.98","5","4.04","4.06","3.67","3.67","3.92","4.58",2010
"Switzerland","3.97","6","3.73","4.17","3.32","4.32","4.27","4.20",2010
"Japan","3.97","7","3.79","4.19","3.55","4.00","4.13","4.26",2010
"United Kingdom","3.95","8","3.74","3.95","3.66","3.92","4.13","4.37",2010
"Belgium","3.94","9","3.83","4.01","3.31","4.13","4.22","4.29",2010
"Norway","3.93","10","3.86","4.22","3.35","3.85","4.10","4.35",2010
"Ireland","3.89","11","3.60","3.76","3.70","3.82","4.02","4.47",2010
"Finland","3.89","12","3.86","4.08","3.41","3.92","4.09","4.08",2010
"Hong Kong, China","3.88","13","3.83","4.00","3.67","3.83","3.94","4.04",2010
"Canada","3.87","14","3.71","4.03","3.24","3.99","4.01","4.41",2010
"United States","3.86","15","3.68","4.15","3.21","3.92","4.17","4.19",2010
"Denmark","3.85","16","3.58","3.99","3.46","3.83","3.94","4.38",2010
"France","3.84","17","3.63","4.00","3.30","3.87","4.01","4.37",2010
"Australia","3.84","18","3.68","3.78","3.78","3.77","3.87","4.16",2010
"Austria","3.76","19","3.49","3.68","3.78","3.70","3.83","4.08",2010
"Taiwan","3.71","20","3.35","3.62","3.64","3.65","4.04","3.95",2010
"New Zealand","3.65","21","3.64","3.54","3.36","3.54","3.67","4.17",2010
"Italy","3.64","22","3.38","3.72","3.21","3.74","3.83","4.08",2010
"Korea, Rep.","3.64","23","3.33","3.62","3.47","3.64","3.83","3.97",2010
"United Arab Emirates","3.63","24","3.49","3.81","3.48","3.53","3.58","3.94",2010
"Spain","3.63","25","3.47","3.58","3.11","3.62","3.96","4.12",2010
"Czech Republic","3.51","26","3.31","3.25","3.42","3.27","3.60","4.16",2010
"China","3.49","27","3.16","3.54","3.31","3.49","3.55","3.91",2010
"South Africa","3.46","28","3.22","3.42","3.26","3.59","3.73","3.57",2010
"Malaysia","3.44","29","3.11","3.50","3.50","3.34","3.32","3.86",2010
"Poland","3.44","30","3.12","2.98","3.22","3.26","3.45","4.52",2010
"Israel","3.41","31","3.12","3.60","3.17","3.50","3.39","3.77",2010
"Bahrain","3.37","32","3.05","3.36","3.05","3.36","3.63","3.85",2010
"Lebanon","3.34","33","3.27","3.05","2.87","3.73","3.16","3.97",2010
"Portugal","3.34","34","3.31","3.17","3.02","3.31","3.38","3.84",2010
"Thailand","3.29","35","3.02","3.16","3.27","3.16","3.41","3.73",2010
"Kuwait","3.28","36","3.03","3.33","3.12","3.11","3.44","3.70",2010
"Latvia","3.25","37","2.94","2.88","3.38","2.96","3.55","3.72",2010
"Slovak Republic","3.24","38","2.79","3.00","3.05","3.15","3.54","3.92",2010
"Turkey","3.22","39","2.82","3.08","3.15","3.23","3.09","3.94",2010
"Saudi Arabia","3.22","40","2.91","3.27","2.80","3.33","3.32","3.78",2010
"Brazil","3.20","41","2.37","3.10","2.91","3.30","3.42","4.14",2010
"Iceland","3.20","42","3.22","3.33","3.10","3.14","3.14","3.27",2010
"Estonia","3.16","43","3.14","2.75","3.17","3.17","2.95","3.68",2010
"Philippines","3.14","44","2.67","2.57","3.40","2.95","3.29","3.83",2010
"Lithuania","3.13","45","2.79","2.72","3.19","2.85","3.27","3.92",2010
"Cyprus","3.13","46","2.92","2.94","3.13","2.82","3.51","3.44",2010
"India","3.12","47","2.70","2.91","3.13","3.16","3.14","3.61",2010
"Argentina","3.10","48","2.63","2.75","3.15","3.03","3.15","3.82",2010
"Chile","3.09","49","2.93","2.86","2.74","2.94","3.33","3.80",2010
"Mexico","3.05","50","2.55","2.95","2.83","3.04","3.28","3.66",2010
"Panama","3.02","51","2.76","2.63","2.87","2.83","3.26","3.76",2010
"Hungary","2.99","52","2.83","3.08","2.78","2.87","2.87","3.52",2010
"Vietnam","2.96","53","2.68","2.56","3.04","2.89","3.10","3.44",2010
"Greece","2.96","54","2.48","2.94","2.85","2.69","3.31","3.49",2010
"Qatar","2.95","55","2.25","2.75","2.92","2.57","3.09","4.09",2010
"Costa Rica","2.91","56","2.61","2.56","2.64","2.80","3.13","3.71",2010
"Slovenia","2.87","57","2.59","2.65","2.84","2.90","3.16","3.10",2010
"Senegal","2.86","58","2.45","2.64","2.75","2.73","3.08","3.52",2010
"Romania","2.84","59","2.36","2.25","3.24","2.68","2.90","3.45",2010
"Oman","2.84","60","3.38","3.06","2.31","2.37","2.04","3.94",2010
"Tunisia","2.84","61","2.43","2.56","3.36","2.36","2.56","3.57",2010
"Kazakhstan","2.83","62","2.38","2.66","3.29","2.60","2.70","3.25",2010
"Bulgaria","2.83","63","2.50","2.30","3.07","2.85","2.96","3.18",2010
"Malta","2.82","64","2.65","2.89","2.91","2.89","2.56","3.02",2010
"Dominican Republic","2.82","65","2.51","2.34","2.59","2.42","3.17","3.85",2010
"Uganda","2.82","66","2.84","2.35","3.02","2.59","2.45","3.52",2010
"Peru","2.80","67","2.50","2.66","2.75","2.61","2.89","3.38",2010
"Uzbekistan","2.79","68","2.20","2.54","2.79","2.50","2.96","3.72",2010
"Benin","2.79","69","2.38","2.48","2.65","2.64","3.07","3.49",2010
"Honduras","2.78","70","2.39","2.31","2.67","2.57","2.83","3.83",2010
"Ecuador","2.77","71","2.32","2.38","2.86","2.60","2.84","3.55",2010
"Colombia","2.77","72","2.50","2.59","2.54","2.75","2.75","3.52",2010
"Macedonia, FYR","2.77","73","2.55","2.55","2.83","2.76","2.82","3.10",2010
"Croatia","2.77","74","2.62","2.36","2.97","2.53","2.82","3.22",2010
"Indonesia","2.76","75","2.43","2.54","2.82","2.47","2.77","3.46",2010
"Paraguay","2.75","76","2.37","2.44","2.87","2.59","2.72","3.46",2010
"Uruguay","2.75","77","2.71","2.58","2.77","2.59","2.78","3.06",2010
"Bahamas, The","2.75","78","2.38","2.40","2.69","2.69","2.81","3.46",2010
"Bangladesh","2.74","79","2.33","2.49","2.99","2.44","2.64","3.46",2010
"Syrian Arab Republic","2.74","80","2.37","2.45","2.87","2.59","2.63","3.45",2010
"Jordan","2.74","81","2.31","2.69","3.11","2.49","2.33","3.39",2010
"Mauritius","2.72","82","2.71","2.29","3.24","2.43","2.57","2.91",2010
"Serbia","2.69","83","2.19","2.30","3.41","2.55","2.67","2.80",2010
"Venezuela, RB","2.68","84","2.06","2.44","3.05","2.53","2.84","3.05",2010
"Congo, Dem. Rep.","2.68","85","2.60","2.27","2.56","2.93","2.43","3.20",2010
"El Salvador","2.67","86","2.48","2.44","2.18","2.66","2.68","3.63",2010
"Bosnia and Herzegovina","2.66","87","2.33","2.22","3.10","2.30","2.68","3.18",2010
"Madagascar","2.66","88","2.35","2.63","3.06","2.40","2.51","2.90",2010
"Azerbaijan","2.64","89","2.14","2.23","3.05","2.48","2.65","3.15",2010
"Guatemala","2.63","90","2.33","2.37","2.16","2.74","2.71","3.52",2010
"Kyrgyz Republic","2.62","91","2.44","2.09","3.18","2.37","2.33","3.10",2010
"Egypt, Arab Rep.","2.61","92","2.11","2.22","2.56","2.87","2.56","3.31",2010
"Georgia","2.61","93","2.37","2.17","2.73","2.57","2.67","3.08",2010
"Russian Federation","2.61","94","2.15","2.38","2.72","2.51","2.60","3.23",2010
"Tanzania","2.60","95","2.42","2.00","2.78","2.38","2.56","3.33",2010
"Togo","2.60","96","2.40","1.82","2.42","2.45","3.42","3.02",2010
"Guinea","2.60","97","2.34","2.10","2.43","2.68","2.89","3.10",2010
"Haiti","2.59","98","2.12","2.17","3.17","2.46","2.43","3.02",2010
"Kenya","2.59","99","2.23","2.14","2.84","2.28","2.89","3.06",2010
"Nigeria","2.59","100","2.17","2.43","2.84","2.45","2.45","3.10",2010
"Yemen, Rep.","2.58","101","2.46","2.35","2.24","2.35","2.63","3.48",2010
"Ukraine","2.57","102","2.02","2.44","2.79","2.59","2.49","3.06",2010
"Iran, Islamic Rep.","2.57","103","2.22","2.36","2.44","2.65","2.50","3.26",2010
"Moldova","2.57","104","2.11","2.05","2.83","2.17","3.00","3.17",2010
"Cameroon","2.55","105","2.11","2.10","2.69","2.53","2.60","3.16",2010
"Niger","2.54","106","2.06","2.28","2.66","2.42","2.45","3.28",2010
"Nicaragua","2.54","107","2.24","2.23","2.63","2.31","2.51","3.21",2010
"Jamaica","2.53","108","2.00","2.07","2.82","2.32","3.07","2.82",2010
"Côte d'Ivoire","2.53","109","2.16","2.37","2.44","2.57","2.95","2.73",2010
"Pakistan","2.53","110","2.05","2.08","2.91","2.28","2.64","3.08",2010
"Armenia","2.52","111","2.10","2.32","2.43","2.59","2.26","3.40",2010
"Bolivia","2.51","112","2.26","2.24","2.53","2.38","2.38","3.20",2010
"Gambia, The","2.49","113","2.38","2.17","2.54","2.37","2.27","3.15",2010
"Turkmenistan","2.49","114","2.14","2.24","2.31","2.34","2.38","3.51",2010
"Chad","2.49","115","2.27","2.00","2.75","2.04","2.62","3.14",2010
"Congo, Rep.","2.48","116","2.02","1.62","2.33","2.42","2.33","4.00",2010
"Ghana","2.47","117","2.35","2.52","2.38","2.42","2.51","2.67",2010
"Lao PDR","2.46","118","2.17","1.95","2.70","2.14","2.45","3.23",2010
"Albania","2.46","119","2.07","2.14","2.64","2.39","2.39","3.01",2010
"Comoros","2.45","120","1.96","1.76","2.56","2.26","2.79","3.23",2010
"Montenegro","2.43","121","2.17","2.45","2.54","2.32","2.44","2.65",2010
"Gabon","2.41","122","2.23","2.09","2.29","2.31","2.67","2.87",2010
"Ethiopia","2.41","123","2.13","1.77","2.76","2.14","2.89","2.65",2010
"Papua New Guinea","2.41","124","2.02","1.91","2.55","2.20","2.43","3.24",2010
"Maldives","2.40","125","2.25","2.16","2.42","2.29","2.42","2.83",2010
"Djibouti","2.39","126","2.25","2.33","2.50","2.17","2.42","2.67",2010
"Liberia","2.38","127","2.28","2.00","2.33","2.16","2.38","3.08",2010
"Bhutan","2.38","128","2.14","1.83","2.44","2.24","2.54","2.99",2010
"Cambodia","2.37","129","2.28","2.12","2.19","2.29","2.50","2.84",2010
"Algeria","2.36","130","1.97","2.06","2.70","2.24","2.26","2.81",2010
"Tajikistan","2.35","131","1.90","2.00","2.42","2.25","2.25","3.16",2010
"Libya","2.33","132","2.15","2.18","2.28","2.28","2.08","2.98",2010
"Myanmar","2.33","133","1.94","1.92","2.37","2.01","2.36","3.29",2010
"Botswana","2.32","134","2.09","2.09","1.91","2.29","2.59","2.99",2010
"Solomon Islands","2.31","135","2.08","2.23","2.18","2.27","2.03","3.05",2010
"Mozambique","2.29","136","1.95","2.04","2.77","2.20","2.28","2.40",2010
"Sri Lanka","2.29","137","1.96","1.88","2.48","2.09","2.23","2.98",2010
"Zambia","2.28","138","2.17","1.83","2.41","2.01","2.35","2.85",2010
"Mali","2.27","139","2.08","2.00","2.17","2.13","2.31","2.90",2010
"Guyana","2.27","140","2.02","1.99","2.31","2.25","2.28","2.70",2010
"Mongolia","2.25","141","1.81","1.94","2.46","2.24","2.42","2.55",2010
"Angola","2.25","142","1.75","1.69","2.38","2.02","2.54","3.01",2010
"Afghanistan","2.24","143","2.22","1.87","2.24","2.09","2.37","2.61",2010
"Fiji","2.24","144","1.95","1.98","2.48","2.11","1.96","2.82",2010
"Burkina Faso","2.23","145","2.22","1.89","1.73","2.02","2.77","2.77",2010
"Sudan","2.21","146","2.02","1.78","2.11","2.15","2.02","3.09",2010
"Nepal","2.20","147","2.07","1.80","2.21","2.07","2.26","2.74",2010
"Iraq","2.11","148","2.07","1.73","2.20","2.10","1.96","2.49",2010
"Guinea-Bissau","2.10","149","1.89","1.56","2.75","1.56","1.71","2.91",2010
"Cuba","2.07","150","1.79","1.90","2.32","1.88","2.03","2.41",2010
"Rwanda","2.04","151","1.63","1.63","2.88","1.85","1.99","2.05",2010
"Namibia","2.02","152","1.68","1.71","2.20","2.04","2.04","2.38",2010
"Sierra Leone","1.97","153","2.17","1.61","2.33","1.53","1.73","2.33",2010
"Eritrea","1.70","154","1.50","1.35","1.63","1.88","1.55","2.21",2010
"Somalia","1.34","155","1.33","1.50","1.33","1.33","1.17","1.38",2010
"Singapore","4.13","1","4.10","4.15","3.99","4.07","4.07","4.39",2012
"Hong Kong SAR, China","4.12","2","3.97","4.12","4.18","4.08","4.09","4.28",2012
"Finland","4.05","3","3.98","4.12","3.85","4.14","4.14","4.10",2012
"Germany","4.03","4","3.87","4.26","3.67","4.09","4.05","4.32",2012
"Netherlands","4.02","5","3.85","4.15","3.86","4.05","4.12","4.15",2012
"Denmark","4.02","6","3.93","4.07","3.70","4.14","4.10","4.21",2012
"Belgium","3.98","7","3.85","4.12","3.73","3.98","4.05","4.20",2012
"Japan","3.93","8","3.72","4.11","3.61","3.97","4.03","4.21",2012
"United States","3.93","9","3.67","4.14","3.56","3.96","4.11","4.21",2012
"United Kingdom","3.90","10","3.73","3.95","3.63","3.93","4.00","4.19",2012
"Austria","3.89","11","3.77","4.05","3.71","4.10","3.97","3.79",2012
"France","3.85","12","3.64","3.96","3.73","3.82","3.97","4.02",2012
"Sweden","3.85","13","3.68","4.13","3.39","3.90","3.82","4.26",2012
"Canada","3.85","14","3.58","3.99","3.55","3.85","3.86","4.31",2012
"Luxembourg","3.82","15","3.54","3.79","3.70","3.82","3.91","4.19",2012
"Switzerland","3.80","16","3.88","3.98","3.46","3.71","3.83","4.01",2012
"United Arab Emirates","3.78","17","3.61","3.84","3.59","3.74","3.81","4.10",2012
"Australia","3.73","18","3.60","3.83","3.40","3.75","3.79","4.05",2012
"Taiwan","3.71","19","3.42","3.77","3.58","3.68","3.72","4.10",2012
"Spain","3.70","20","3.40","3.74","3.68","3.69","3.67","4.02",2012
"Korea, Rep.","3.70","21","3.42","3.74","3.67","3.65","3.68","4.02",2012
"Norway","3.68","22","3.46","3.86","3.49","3.57","3.67","4.09",2012
"South Africa","3.67","23","3.35","3.79","3.50","3.56","3.83","4.03",2012
"Italy","3.67","24","3.34","3.74","3.53","3.65","3.73","4.05",2012
"Ireland","3.52","25","3.40","3.35","3.40","3.54","3.65","3.77",2012
"China","3.52","26","3.25","3.61","3.46","3.47","3.52","3.80",2012
"Turkey","3.51","27","3.16","3.62","3.38","3.52","3.54","3.87",2012
"Portugal","3.50","28","3.19","3.42","3.43","3.48","3.60","3.88",2012
"Malaysia","3.49","29","3.28","3.43","3.40","3.45","3.54","3.86",2012
"Poland","3.43","30","3.30","3.10","3.47","3.30","3.32","4.04",2012
"New Zealand","3.42","31","3.47","3.42","3.27","3.25","3.58","3.55",2012
"Iceland","3.39","32","3.53","3.39","3.01","3.47","3.39","3.62",2012
"Qatar","3.32","33","3.12","3.23","2.88","3.25","3.50","4.00",2012
"Slovenia","3.29","34","3.05","3.24","3.34","3.25","3.20","3.60",2012
"Cyprus","3.24","35","3.02","3.17","3.21","3.17","3.36","3.54",2012
"Bulgaria","3.21","36","2.97","3.20","3.25","3.10","3.16","3.56",2012
"Saudi Arabia","3.18","37","2.79","3.22","3.10","2.99","3.21","3.76",2012
"Thailand","3.18","38","2.96","3.08","3.21","2.98","3.18","3.63",2012
"Chile","3.17","39","3.11","3.18","3.06","3.00","3.22","3.47",2012
"Hungary","3.17","40","2.82","3.14","2.99","3.18","3.52","3.41",2012
"Tunisia","3.17","41","3.13","2.88","2.88","3.13","3.25","3.75",2012
"Croatia","3.16","42","3.06","3.35","2.95","2.92","3.20","3.54",2012
"Malta","3.16","43","2.81","3.10","3.17","3.01","3.05","3.79",2012
"Czech Republic","3.14","44","2.95","2.96","3.01","3.34","3.17","3.40",2012
"Brazil","3.13","45","2.51","3.07","3.12","3.12","3.42","3.55",2012
"India","3.08","46","2.77","2.87","2.98","3.14","3.09","3.58",2012
"Mexico","3.06","47","2.63","3.03","3.07","3.02","3.15","3.47",2012
"Bahrain","3.05","48","2.67","3.08","2.83","2.94","3.42","3.42",2012
"Argentina","3.05","49","2.45","2.94","3.33","2.95","3.30","3.27",2012
"Morocco","3.03","50","2.64","3.14","3.01","2.89","3.01","3.51",2012
"Slovak Republic","3.03","51","2.88","2.99","2.84","3.07","2.84","3.57",2012
"Philippines","3.02","52","2.63","2.80","2.97","3.14","3.30","3.30",2012
"Vietnam","3.00","53","2.65","2.68","3.14","2.68","3.16","3.64",2012
"Romania","3.00","54","2.65","2.51","2.99","2.83","3.10","3.82",2012
"Bosnia and Herzegovina","2.99","55","2.65","2.86","3.00","2.93","2.81","3.61",2012
"Uruguay","2.98","56","2.99","2.87","2.91","2.98","2.98","3.16",2012
"Egypt, Arab Rep.","2.98","57","2.60","3.07","3.00","2.95","2.86","3.39",2012
"Lithuania","2.95","58","2.73","2.58","2.97","2.91","2.73","3.70",2012
"Indonesia","2.94","59","2.53","2.54","2.97","2.85","3.12","3.61",2012
"Peru","2.94","60","2.68","2.73","2.87","2.91","2.99","3.40",2012
"Panama","2.93","61","2.56","2.94","2.76","2.84","3.01","3.47",2012
"Oman","2.89","62","3.10","2.96","2.78","2.73","2.59","3.17",2012
"Yemen, Rep.","2.89","63","2.29","2.62","3.14","2.79","3.12","3.29",2012
"Colombia","2.87","64","2.65","2.72","2.76","2.95","2.66","3.45",2012
"Estonia","2.86","65","2.51","2.79","2.82","2.82","3.00","3.23",2012
"Ukraine","2.85","66","2.41","2.69","2.72","2.85","3.15","3.31",2012
"Benin","2.85","67","2.59","2.57","2.44","2.90","2.87","3.74",2012
"Botswana","2.84","68","2.82","2.82","2.53","2.74","2.73","3.43",2012
"Greece","2.83","69","2.38","2.88","2.69","2.76","2.98","3.32",2012
"Kuwait","2.83","70","2.73","2.82","2.68","2.68","2.98","3.11",2012
"Pakistan","2.83","71","2.85","2.69","2.86","2.77","2.61","3.14",2012
"Mauritius","2.82","72","2.58","2.83","2.50","2.67","2.83","3.52",2012
"Malawi","2.81","73","2.51","2.78","3.01","2.85","2.56","3.09",2012
"Guatemala","2.80","74","2.62","2.59","2.82","2.78","2.80","3.19",2012
"Serbia","2.80","75","2.39","2.62","2.76","2.80","3.07","3.14",2012
"Latvia","2.78","76","2.71","2.52","2.72","2.64","2.97","3.08",2012
"Georgia","2.77","77","2.90","2.85","2.68","2.78","2.59","2.86",2012
"Albania","2.77","78","2.43","2.43","2.84","2.65","2.65","3.58",2012
"Ecuador","2.76","79","2.36","2.62","2.86","2.65","2.58","3.42",2012
"Bahamas, The","2.75","80","2.69","2.77","2.72","2.69","2.65","2.99",2012
"Sri Lanka","2.75","81","2.58","2.50","3.00","2.80","2.65","2.90",2012
"Costa Rica","2.75","82","2.47","2.60","2.85","2.53","2.81","3.19",2012
"Côte d'Ivoire","2.73","83","2.31","2.31","2.90","2.73","2.69","3.36",2012
"Madagascar","2.72","84","2.80","2.40","2.40","2.80","2.80","3.13",2012
"Dominican Republic","2.70","85","2.53","2.61","2.83","2.74","2.49","2.97",2012
"Kazakhstan","2.69","86","2.58","2.60","2.67","2.75","2.83","2.73",2012
"Niger","2.69","87","2.67","2.45","2.91","2.49","2.49","3.07",2012
"Tanzania","2.65","88","2.17","2.41","2.91","2.64","2.77","2.97",2012
"Namibia","2.65","89","2.73","2.72","2.49","2.65","2.85","2.52",2012
"Bolivia","2.61","90","2.40","2.39","2.60","2.58","2.73","2.95",2012
"Belarus","2.61","91","2.24","2.78","2.58","2.65","2.58","2.87",2012
"Syrian Arab Republic","2.60","92","2.33","2.54","2.62","2.48","2.35","3.26",2012
"El Salvador","2.60","93","2.28","2.46","2.57","2.60","2.60","3.08",2012
"Guinea-Bissau","2.60","94","2.39","2.68","2.61","2.58","2.58","2.74",2012
"Russian Federation","2.58","95","2.04","2.45","2.59","2.65","2.76","3.02",2012
"Lebanon","2.58","96","2.21","2.41","2.71","2.38","2.61","3.11",2012
"Togo","2.58","97","2.29","2.46","3.13","2.29","2.46","2.77",2012
"Central African Republic","2.57","98","2.45","2.09","2.33","2.70","2.48","3.33",2012
"Macedonia, FYR","2.56","99","2.24","2.60","2.66","2.66","2.41","2.79",2012
"Armenia","2.56","100","2.27","2.38","2.65","2.40","2.57","3.07",2012
"Cambodia","2.56","101","2.30","2.20","2.61","2.50","2.77","2.95",2012
"Jordan","2.56","102","2.27","2.48","2.88","2.17","2.55","2.92",2012
"Zimbabwe","2.55","103","2.31","2.20","2.67","2.27","2.50","3.27",2012
"Maldives","2.55","104","2.24","2.47","2.47","2.68","2.43","2.96",2012
"Honduras","2.53","105","2.39","2.35","2.70","2.44","2.35","2.90",2012
"Cameroon","2.53","106","2.37","2.24","2.37","2.41","2.55","3.19",2012
"Bhutan","2.52","107","2.29","2.29","2.61","2.42","2.56","2.90",2012
"Ghana","2.51","108","2.33","2.05","2.81","2.68","2.31","2.76",2012
"Lao PDR","2.50","109","2.38","2.40","2.40","2.49","2.49","2.82",2012
"Senegal","2.49","110","2.46","2.31","2.72","2.55","2.10","2.74",2012
"Venezuela, RB","2.49","111","2.10","2.17","2.54","2.33","2.57","3.18",2012
"Iran, Islamic Rep.","2.49","112","2.19","2.42","2.49","2.66","2.49","2.66",2012
"Paraguay","2.48","113","2.36","2.41","2.31","2.49","2.59","2.74",2012
"Sco Tomi and Principe","2.48","114","2.33","2.24","2.33","2.42","2.78","2.78",2012
"Guinea","2.48","115","2.42","2.34","2.67","2.59","2.33","2.50",2012
"Azerbaijan","2.48","116","1.92","2.42","2.43","2.14","2.75","3.23",2012
"Uzbekistan","2.46","117","2.25","2.25","2.38","2.39","2.53","2.96",2012
"Gambia, The","2.46","118","2.29","1.90","2.63","2.55","2.80","2.55",2012
"Liberia","2.45","119","2.00","2.41","2.54","2.46","2.42","2.84",2012
"Montenegro","2.45","120","2.31","2.30","2.22","2.35","2.62","2.89",2012
"Nigeria","2.45","121","1.97","2.27","2.60","2.52","2.35","2.92",2012
"Kenya","2.43","122","2.08","2.16","2.69","2.38","2.34","2.88",2012
"Fiji","2.42","123","2.07","2.22","2.41","2.18","2.48","3.12",2012
"Jamaica","2.42","124","2.22","2.27","2.43","2.21","2.43","2.91",2012
"Algeria","2.41","125","2.26","2.02","2.68","2.13","2.46","2.85",2012
"Solomon Islands","2.41","126","2.37","2.03","2.44","2.14","2.39","3.04",2012
"Mauritania","2.40","127","2.33","2.34","2.52","2.28","2.28","2.60",2012
"Papua New Guinea","2.38","128","1.98","2.20","2.34","2.18","2.51","3.01",2012
"Myanmar","2.37","129","2.24","2.10","2.47","2.42","2.34","2.59",2012
"Kyrgyz Republic","2.35","130","2.45","2.49","2.00","2.25","2.31","2.69",2012
"Gabon","2.34","131","2.00","2.00","2.40","2.40","2.20","3.00",2012
"Moldova","2.33","132","2.17","2.44","2.08","2.15","2.44","2.74",2012
"Guyana","2.33","133","2.29","2.15","2.35","2.33","2.14","2.67",2012
"Burkina Faso","2.32","134","2.12","2.40","2.33","2.28","2.13","2.67",2012
"Afghanistan","2.30","135","2.33","2.00","2.33","2.16","2.10","2.80",2012
"Tajikistan","2.28","136","2.43","2.03","2.33","2.22","2.13","2.51",2012
"Libya","2.28","137","2.08","1.75","2.63","2.25","2.38","2.51",2012
"Angola","2.28","138","2.33","2.48","2.26","2.00","2.00","2.59",2012
"Rwanda","2.27","139","2.19","1.88","2.27","2.06","2.39","2.76",2012
"Mongolia","2.25","140","1.98","2.22","2.13","1.88","2.29","2.99",2012
"Ethiopia","2.24","141","2.03","2.22","2.35","2.16","2.10","2.54",2012
"Lesotho","2.24","142","2.00","2.13","2.13","2.42","1.99","2.73",2012
"Congo, Dem. Rep.","2.21","143","2.10","1.96","2.23","2.17","2.35","2.38",2012
"Cuba","2.20","144","2.18","2.08","2.12","2.21","2.26","2.31",2012
"Iraq","2.16","145","1.75","1.92","2.38","2.19","1.86","2.77",2012
"Comoros","2.14","146","2.00","1.94","1.81","2.20","2.20","2.70",2012
"Eritrea","2.11","147","1.78","1.83","2.63","2.03","1.83","2.43",2012
"Sudan","2.10","148","2.14","2.01","1.93","2.33","1.89","2.31",2012
"Congo, Rep.","2.08","149","1.80","1.27","1.94","2.15","2.35","2.90",2012
"Sierra Leone","2.08","150","1.73","2.50","1.85","1.98","2.14","2.35",2012
"Nepal","2.04","151","2.20","1.87","1.86","2.12","1.95","2.21",2012
"Chad","2.03","152","1.86","2.00","2.00","2.00","1.57","2.71",2012
"Haiti","2.03","153","1.78","1.78","1.94","1.74","2.15","2.74",2012
"Djibouti","1.80","154","1.72","1.51","1.77","1.84","1.73","2.19",2012
"Burundi","1.61","155","1.67","1.68","1.57","1.43","1.67","1.67",2012
"Germany","4.12","1","4.10","4.32","3.74","4.12","4.17","4.36",2014
"Netherlands","4.05","2","3.96","4.23","3.64","4.13","4.07","4.34",2014
"Belgium","4.04","3","3.80","4.10","3.80","4.11","4.11","4.39",2014
"United Kingdom","4.01","4","3.94","4.16","3.63","4.03","4.08","4.33",2014
"Singapore","4.00","5","4.01","4.28","3.70","3.97","3.90","4.25",2014
"Sweden","3.96","6","3.75","4.09","3.76","3.98","3.98","4.26",2014
"Norway","3.96","7","4.21","4.19","3.42","4.19","3.50","4.36",2014
"Luxembourg","3.95","8","3.82","3.91","3.82","3.78","3.68","4.71",2014
"United States","3.92","9","3.73","4.18","3.45","3.97","4.14","4.14",2014
"Japan","3.91","10","3.78","4.16","3.52","3.93","3.95","4.24",2014
"Ireland","3.87","11","3.80","3.84","3.44","3.94","4.13","4.13",2014
"Canada","3.86","12","3.61","4.05","3.46","3.94","3.97","4.18",2014
"France","3.85","13","3.65","3.98","3.68","3.75","3.89","4.17",2014
"Switzerland","3.84","14","3.92","4.04","3.58","3.75","3.79","4.06",2014
"Hong Kong SAR, China","3.83","15","3.72","3.97","3.58","3.81","3.87","4.06",2014
"Australia","3.81","16","3.85","4.00","3.52","3.75","3.81","4.00",2014
"Denmark","3.78","17","3.79","3.82","3.65","3.74","3.36","4.39",2014
"Spain","3.72","18","3.63","3.77","3.51","3.83","3.54","4.07",2014
"Taiwan","3.72","19","3.55","3.64","3.71","3.60","3.79","4.02",2014
"Italy","3.69","20","3.36","3.78","3.54","3.62","3.84","4.05",2014
"Korea, Rep.","3.67","21","3.47","3.79","3.44","3.66","3.69","4.00",2014
"Austria","3.65","22","3.53","3.64","3.26","3.56","3.93","4.04",2014
"New Zealand","3.64","23","3.92","3.67","3.67","3.56","3.33","3.72",2014
"Finland","3.62","24","3.89","3.52","3.52","3.72","3.31","3.80",2014
"Malaysia","3.59","25","3.37","3.56","3.64","3.47","3.58","3.92",2014
"Portugal","3.56","26","3.26","3.37","3.43","3.71","3.71","3.87",2014
"United Arab Emirates","3.54","27","3.42","3.70","3.20","3.50","3.57","3.92",2014
"China","3.53","28","3.21","3.67","3.50","3.46","3.50","3.87",2014
"Qatar","3.52","29","3.21","3.44","3.55","3.55","3.47","3.87",2014
"Turkey","3.50","30","3.23","3.53","3.18","3.64","3.77","3.68",2014
"Poland","3.49","31","3.26","3.08","3.46","3.47","3.54","4.13",2014
"Czech Republic","3.49","32","3.24","3.29","3.59","3.51","3.56","3.73",2014
"Hungary","3.46","33","2.97","3.18","3.40","3.33","3.82","4.06",2014
"South Africa","3.43","34","3.11","3.20","3.45","3.62","3.30","3.88",2014
"Thailand","3.43","35","3.21","3.40","3.30","3.29","3.45","3.96",2014
"Latvia","3.40","36","3.22","3.03","3.38","3.21","3.50","4.06",2014
"Iceland","3.39","37","3.54","3.34","3.15","3.46","3.38","3.51",2014
"Slovenia","3.38","38","3.11","3.35","3.05","3.51","3.51","3.82",2014
"Estonia","3.35","39","3.40","3.34","3.34","3.27","3.20","3.55",2014
"Romania","3.26","40","2.83","2.77","3.32","3.20","3.39","4.00",2014
"Israel","3.26","41","3.10","3.11","2.71","3.35","3.20","4.18",2014
"Chile","3.26","42","3.17","3.17","3.12","3.19","3.30","3.59",2014
"Slovak Republic","3.25","43","2.89","3.22","3.30","3.16","3.02","3.94",2014
"Greece","3.20","44","3.36","3.17","2.97","3.23","3.03","3.50",2014
"Panama","3.19","45","3.15","3.00","3.18","2.87","3.34","3.63",2014
"Lithuania","3.18","46","3.04","3.18","3.10","2.99","3.17","3.60",2014
"Bulgaria","3.16","47","2.75","2.94","3.31","3.00","2.88","4.04",2014
"Vietnam","3.15","48","2.81","3.11","3.22","3.09","3.19","3.49",2014
"Saudi Arabia","3.15","49","2.86","3.34","2.93","3.11","3.15","3.55",2014
"Mexico","3.13","50","2.69","3.04","3.19","3.12","3.14","3.57",2014
"Malta","3.11","51","3.00","3.08","3.23","3.00","3.15","3.15",2014
"Bahrain","3.08","52","3.29","3.04","3.04","3.04","3.29","2.80",2014
"Indonesia","3.08","53","2.87","2.92","2.87","3.21","3.11","3.53",2014
"India","3.08","54","2.72","2.88","3.20","3.03","3.11","3.51",2014
"Croatia","3.05","55","2.95","2.92","2.98","3.00","3.11","3.37",2014
"Kuwait","3.01","56","2.69","3.16","2.76","2.96","3.16","3.39",2014
"Philippines","3.00","57","3.00","2.60","3.33","2.93","3.00","3.07",2014
"Cyprus","3.00","58","2.88","2.87","3.01","2.92","3.00","3.31",2014
"Oman","3.00","59","2.63","2.88","3.41","2.84","2.84","3.29",2014
"Argentina","2.99","60","2.55","2.83","2.96","2.93","3.15","3.49",2014
"Ukraine","2.98","61","2.69","2.65","2.95","2.84","3.20","3.51",2014
"Egypt, Arab Rep.","2.97","62","2.85","2.86","2.87","2.99","3.23","2.99",2014
"Serbia","2.96","63","2.37","2.73","3.12","3.02","2.94","3.55",2014
"El Salvador","2.96","64","2.93","2.63","3.20","3.16","3.00","2.75",2014
"Brazil","2.94","65","2.48","2.93","2.80","3.05","3.03","3.39",2014
"Bahamas, The","2.91","66","3.00","2.74","2.96","2.92","2.64","3.19",2014
"Montenegro","2.88","67","2.83","2.84","3.15","2.45","2.76","3.19",2014
"Jordan","2.87","68","2.60","2.59","2.96","2.94","2.67","3.46",2014
"Dominican Republic","2.86","69","2.58","2.61","2.93","2.91","2.91","3.18",2014
"Jamaica","2.84","70","2.88","2.84","2.79","2.72","2.72","3.14",2014
"Peru","2.84","71","2.47","2.72","2.94","2.78","2.81","3.30",2014
"Pakistan","2.83","72","2.84","2.67","3.08","2.79","2.73","2.79",2014
"Malawi","2.81","73","2.79","3.04","2.63","2.86","2.63","2.99",2014
"Kenya","2.81","74","1.96","2.40","3.15","2.65","3.03","3.58",2014
"Nigeria","2.81","75","2.35","2.56","2.63","2.70","3.16","3.46",2014
"Venezuela, RB","2.81","76","2.39","2.61","2.94","2.76","2.92","3.18",2014
"Guatemala","2.80","77","2.75","2.54","2.87","2.68","2.68","3.24",2014
"Paraguay","2.78","78","2.49","2.46","2.83","2.76","2.89","3.22",2014
"Côte d'Ivoire","2.76","79","2.33","2.41","2.87","2.62","2.97","3.31",2014
"Rwanda","2.76","80","2.50","2.32","2.78","2.64","2.94","3.34",2014
"Bosnia and Herzegovina","2.75","81","2.41","2.55","2.78","2.73","2.55","3.44",2014
"Maldives","2.75","82","2.95","2.56","2.92","2.79","2.70","2.51",2014
"Cambodia","2.74","83","2.67","2.58","2.83","2.67","2.92","2.75",2014
"Sco Tomi and Principe","2.73","84","2.42","2.59","2.95","2.50","3.13","2.77",2014
"Lebanon","2.73","85","2.29","2.53","2.53","2.89","3.22","2.89",2014
"Ecuador","2.71","86","2.49","2.50","2.79","2.61","2.67","3.18",2014
"Costa Rica","2.70","87","2.39","2.43","2.63","2.86","2.83","3.04",2014
"Kazakhstan","2.70","88","2.33","2.38","2.68","2.72","2.83","3.24",2014
"Sri Lanka","2.70","89","2.56","2.23","2.56","2.91","2.76","3.12",2014
"Russian Federation","2.69","90","2.20","2.59","2.64","2.74","2.85","3.14",2014
"Uruguay","2.68","91","2.39","2.51","2.64","2.58","2.89","3.06",2014
"Armenia","2.67","92","2.63","2.38","2.75","2.75","2.50","3.00",2014
"Namibia","2.66","93","2.27","2.57","2.70","2.69","2.56","3.15",2014
"Moldova","2.65","94","2.46","2.55","3.14","2.44","2.35","2.89",2014
"Nicaragua","2.65","95","2.66","2.20","2.69","2.58","2.58","3.17",2014
"Algeria","2.65","96","2.71","2.54","2.54","2.54","2.54","3.04",2014
"Colombia","2.64","97","2.59","2.44","2.72","2.64","2.55","2.87",2014
"Burkina Faso","2.64","98","2.50","2.35","2.63","2.63","2.49","3.21",2014
"Belarus","2.64","99","2.50","2.55","2.74","2.46","2.51","3.05",2014
"Ghana","2.63","100","2.22","2.67","2.73","2.37","2.90","2.86",2014
"Senegal","2.62","101","2.61","2.30","3.03","2.53","2.65","2.53",2014
"Liberia","2.62","102","2.57","2.57","2.57","2.86","2.57","2.57",2014
"Honduras","2.61","103","2.70","2.24","2.79","2.47","2.61","2.79",2014
"Ethiopia","2.59","104","2.42","2.17","2.50","2.62","2.67","3.17",2014
"Nepal","2.59","105","2.31","2.26","2.64","2.50","2.72","3.06",2014
"Solomon Islands","2.59","106","2.49","2.46","2.22","2.72","2.72","2.96",2014
"Burundi","2.57","107","2.60","2.40","2.60","2.51","2.51","2.76",2014
"Bangladesh","2.56","108","2.09","2.11","2.82","2.64","2.45","3.18",2014
"Benin","2.56","109","2.64","2.35","2.69","2.35","2.45","2.85",2014
"Tunisia","2.55","110","2.02","2.30","2.91","2.42","2.42","3.16",2014
"Fiji","2.55","111","2.40","2.47","2.72","2.22","2.47","2.97",2014
"Angola","2.54","112","2.37","2.11","2.79","2.31","2.59","3.02",2014
"Chad","2.53","113","2.46","2.33","2.33","2.34","2.71","3.02",2014
"Tajikistan","2.53","114","2.35","2.36","2.73","2.47","2.47","2.74",2014
"Mauritius","2.51","115","2.25","2.50","2.63","2.48","2.34","2.88",2014
"Georgia","2.51","116","2.21","2.42","2.32","2.44","2.59","3.09",2014
"Macedonia, FYR","2.50","117","2.35","2.50","2.38","2.51","2.46","2.81",2014
"Libya","2.50","118","2.41","2.29","2.29","2.29","2.85","2.85",2014
"Mali","2.50","119","2.08","2.20","2.80","2.20","2.70","2.90",2014
"Botswana","2.49","120","2.38","2.23","2.42","2.58","2.40","2.94",2014
"Bolivia","2.48","121","2.40","2.17","2.35","2.68","2.68","2.60",2014
"Guinea","2.46","122","2.34","2.10","2.47","2.35","2.41","3.10",2014
"Zambia","2.46","123","2.54","2.31","2.13","2.47","2.47","2.91",2014
"Guyana","2.46","124","2.46","2.40","2.43","2.27","2.47","2.74",2014
"Azerbaijan","2.45","125","2.57","2.71","2.57","2.14","2.14","2.57",2014
"Papua New Guinea","2.43","126","2.40","2.23","2.47","2.47","2.27","2.73",2014
"Guinea-Bissau","2.43","127","2.43","2.29","2.29","2.57","2.29","2.71",2014
"Comoros","2.40","128","2.58","2.30","2.51","2.26","2.37","2.37",2014
"Uzbekistan","2.39","129","1.80","2.01","2.23","2.37","2.87","3.08",2014
"Niger","2.39","130","2.49","2.08","2.38","2.28","2.36","2.76",2014
"Lao PDR","2.39","131","2.45","2.21","2.50","2.31","2.20","2.65",2014
"Madagascar","2.38","132","2.06","2.15","2.38","2.33","2.29","3.07",2014
"Lesotho","2.37","133","2.22","2.35","2.48","2.23","2.35","2.60",2014
"Central African Republic","2.36","134","2.47","2.50","2.16","2.31","2.31","2.47",2014
"Mongolia","2.36","135","2.20","2.29","2.62","2.33","2.13","2.51",2014
"Equatorial Guinea","2.35","136","2.35","2.11","2.11","2.20","2.53","2.86",2014
"Zimbabwe","2.34","137","1.89","2.25","2.25","2.50","2.22","2.93",2014
"Tanzania","2.33","138","2.19","2.32","2.32","2.18","2.11","2.89",2014
"Togo","2.32","139","2.09","2.07","2.47","2.14","2.49","2.60",2014
"Turkmenistan","2.30","140","2.31","2.06","2.56","2.07","2.32","2.45",2014
"Iraq","2.30","141","1.98","2.18","2.31","2.15","2.31","2.85",2014
"Cameroon","2.30","142","1.86","1.85","2.20","2.52","2.52","2.80",2014
"Bhutan","2.29","143","2.09","2.18","2.38","2.48","2.28","2.28",2014
"Haiti","2.27","144","2.25","2.00","2.27","2.14","2.32","2.63",2014
"Myanmar","2.25","145","1.97","2.14","2.14","2.07","2.36","2.83",2014
"Gambia, The","2.25","146","2.06","2.00","2.67","2.22","2.00","2.46",2014
"Mozambique","2.23","147","2.26","2.15","2.08","2.10","2.08","2.74",2014
"Mauritania","2.23","148","1.93","2.40","2.07","2.06","2.23","2.75",2014
"Kyrgyz Republic","2.21","149","2.03","2.05","2.43","2.13","2.20","2.36",2014
"Gabon","2.20","150","2.00","2.08","2.58","2.25","1.92","2.31",2014
"Yemen, Rep.","2.18","151","1.63","1.87","2.35","2.21","2.21","2.78",2014
"Cuba","2.18","152","2.17","1.84","2.47","2.08","1.99","2.45",2014
"Sudan","2.16","153","1.87","1.90","2.23","2.18","2.42","2.33",2014
"Djibouti","2.15","154","2.20","2.00","1.80","2.21","2.00","2.74",2014
"Syrian Arab Republic","2.09","155","2.07","2.08","2.15","1.82","1.90","2.53",2014
"Eritrea","2.08","156","1.90","1.68","1.90","2.23","2.01","2.79",2014
"Congo, Rep.","2.08","157","1.50","1.83","2.17","2.17","2.17","2.58",2014
"Afghanistan","2.07","158","2.16","1.82","1.99","2.12","1.85","2.48",2014
"Congo, Dem. Rep.","1.88","159","1.78","1.83","1.70","1.84","2.10","2.04",2014
"Somalia","1.77","160","2.00","1.50","1.75","1.75","1.75","1.88",2014
"Germany","4.23","1","4.12","4.44","3.86","4.28","4.27","4.45",2016
"Luxembourg","4.22","2","3.90","4.24","4.24","4.01","4.12","4.80",2016
"Sweden","4.20","3","3.92","4.27","4.00","4.25","4.38","4.45",2016
"Netherlands","4.19","4","4.12","4.29","3.94","4.22","4.17","4.41",2016
"Singapore","4.14","5","4.18","4.20","3.96","4.09","4.05","4.40",2016
"Belgium","4.11","6","3.83","4.05","4.05","4.07","4.22","4.43",2016
"Austria","4.10","7","3.79","4.08","3.85","4.18","4.36","4.37",2016
"United Kingdom","4.07","8","3.98","4.21","3.77","4.05","4.13","4.33",2016
"Hong Kong SAR, China","4.07","9","3.94","4.10","4.05","4.00","4.03","4.29",2016
"United States","3.99","10","3.75","4.15","3.65","4.01","4.20","4.25",2016
"Switzerland","3.99","11","3.88","4.19","3.69","3.95","4.04","4.24",2016
"Japan","3.97","12","3.85","4.10","3.69","3.99","4.03","4.21",2016
"United Arab Emirates","3.94","13","3.84","4.07","3.89","3.82","3.91","4.13",2016
"Canada","3.93","14","3.95","4.14","3.56","3.90","4.10","4.01",2016
"Finland","3.92","15","4.01","4.01","3.51","3.88","4.04","4.14",2016
"France","3.90","16","3.71","4.01","3.64","3.82","4.02","4.25",2016
"Denmark","3.82","17","3.82","3.75","3.66","4.01","3.74","3.92",2016
"Ireland","3.79","18","3.47","3.77","3.83","3.79","3.98","3.94",2016
"Australia","3.79","19","3.54","3.82","3.63","3.87","3.87","4.04",2016
"South Africa","3.78","20","3.60","3.78","3.62","3.75","3.92","4.02",2016
"Italy","3.76","21","3.45","3.79","3.65","3.77","3.86","4.03",2016
"Norway","3.73","22","3.57","3.95","3.62","3.70","3.82","3.77",2016
"Spain","3.73","23","3.48","3.72","3.63","3.73","3.82","4.00",2016
"Korea, Rep,","3.72","24","3.45","3.79","3.58","3.69","3.78","4.03",2016
"Taiwan, China","3.70","25","3.23","3.57","3.57","3.95","3.59","4.25",2016
"Czech Republic","3.67","26","3.58","3.36","3.65","3.65","3.84","3.94",2016
"China","3.66","27","3.32","3.75","3.70","3.62","3.68","3.90",2016
"Israel","3.66","28","3.50","3.49","3.38","3.60","3.72","4.27",2016
"Lithuania","3.63","29","3.42","3.57","3.49","3.49","3.68","4.14",2016
"Qatar","3.60","30","3.55","3.57","3.58","3.54","3.50","3.83",2016
"Hungary","3.43","31","3.02","3.48","3.44","3.35","3.40","3.88",2016
"Malaysia","3.43","32","3.17","3.45","3.48","3.34","3.46","3.65",2016
"Poland","3.43","33","3.27","3.17","3.44","3.39","3.46","3.80",2016
"Turkey","3.42","34","3.18","3.49","3.41","3.31","3.39","3.75",2016
"India","3.42","35","3.17","3.34","3.36","3.39","3.52","3.74",2016
"Portugal","3.41","36","3.37","3.09","3.24","3.15","3.65","3.95",2016
"New Zealand","3.39","37","3.18","3.55","2.77","3.22","3.58","4.12",2016
"Estonia","3.36","38","3.41","3.18","3.07","3.18","3.25","4.08",2016
"Iceland","3.35","39","3.13","3.02","3.32","3.26","3.42","3.88",2016
"Panama","3.34","40","3.13","3.28","3.65","3.18","2.95","3.74",2016
"Slovak Republic","3.34","41","3.28","3.24","3.41","3.12","3.12","3.81",2016
"Kenya","3.33","42","3.17","3.21","3.24","3.24","3.42","3.70",2016
"Latvia","3.33","43","3.11","3.24","3.28","3.29","3.42","3.62",2016
"Bahrain","3.31","44","3.14","3.10","3.33","3.38","3.32","3.58",2016
"Thailand","3.26","45","3.11","3.12","3.37","3.14","3.20","3.56",2016
"Chile","3.25","46","3.19","2.77","3.30","2.97","3.50","3.71",2016
"Greece","3.24","47","2.85","3.32","2.97","2.91","3.59","3.85",2016
"Oman","3.23","48","2.76","3.44","3.35","3.26","3.09","3.50",2016
"Egypt, Arab Rep,","3.18","49","2.75","3.07","3.27","3.20","3.15","3.63",2016
"Slovenia","3.18","50","2.88","3.19","3.10","3.20","3.27","3.47",2016
"Croatia","3.16","51","3.07","2.99","3.12","3.21","3.16","3.39",2016
"Saudi Arabia","3.16","52","2.69","3.24","3.23","3.00","3.25","3.53",2016
"Kuwait","3.15","53","2.83","2.92","3.62","2.79","3.16","3.51",2016
"Mexico","3.11","54","2.88","2.89","3.00","3.14","3.40","3.38",2016
"Brazil","3.09","55","2.76","3.11","2.90","3.12","3.28","3.39",2016
"Malta","3.07","56","2.78","2.94","3.09","2.85","3.12","3.61",2016
"Botswana","3.05","57","3.05","2.96","2.91","2.74","2.89","3.72",2016
"Uganda","3.04","58","2.97","2.74","2.88","2.93","3.01","3.70",2016
"Cyprus","3.00","59","3.11","3.00","2.80","2.72","2.54","3.79",2016
"Romania","2.99","60","3.00","2.88","3.06","2.82","2.95","3.22",2016
"Tanzania","2.99","61","2.78","2.81","2.98","2.92","2.98","3.44",2016
"Rwanda","2.99","62","2.93","2.62","3.05","2.87","3.04","3.35",2016
"Indonesia","2.98","63","2.69","2.65","2.90","3.00","3.19","3.46",2016
"Vietnam","2.98","64","2.75","2.70","3.12","2.88","2.84","3.50",2016
"Uruguay","2.97","65","2.78","2.79","2.91","3.01","2.84","3.47",2016
"Argentina","2.96","66","2.63","2.86","2.76","2.83","3.26","3.47",2016
"Jordan","2.96","67","2.55","2.77","3.17","2.89","2.96","3.34",2016
"Pakistan","2.92","68","2.66","2.70","2.93","2.82","2.91","3.48",2016
"Peru","2.89","69","2.76","2.62","2.91","2.87","2.94","3.23",2016
"Brunei Darussalam","2.87","70","2.78","2.75","3.00","2.57","2.91","3.19",2016
"Philippines","2.86","71","2.61","2.55","3.01","2.70","2.86","3.35",2016
"Bulgaria","2.81","72","2.40","2.35","2.93","3.06","2.72","3.31",2016
"Cambodia","2.80","73","2.62","2.36","3.11","2.60","2.70","3.30",2016
"Ecuador","2.78","74","2.64","2.47","2.95","2.66","2.65","3.23",2016
"Algeria","2.77","75","2.37","2.58","2.80","2.91","2.86","3.08",2016
"Serbia","2.76","76","2.50","2.49","2.63","2.79","2.92","3.23",2016
"Kazakhstan","2.75","77","2.52","2.76","2.75","2.57","2.86","3.06",2016
"Bahamas, The","2.75","78","2.65","2.72","2.80","2.74","2.64","2.93",2016
"Namibia","2.74","79","2.65","2.76","2.69","2.63","2.52","3.19",2016
"Ukraine","2.74","80","2.30","2.49","2.59","2.55","2.96","3.51",2016
"Burkina Faso","2.73","81","2.55","2.67","2.73","2.78","2.49","3.13",2016
"Lebanon","2.72","82","2.73","2.64","2.84","2.45","2.75","2.86",2016
"El Salvador","2.71","83","2.37","2.25","2.82","2.66","2.78","3.29",2016
"Mozambique","2.68","84","2.49","2.24","3.06","2.44","2.75","3.04",2016
"Guyana","2.67","85","2.40","2.24","2.66","2.66","2.90","3.12",2016
"Morocco","2.67","86","2.22","2.46","3.09","2.59","2.34","3.20",2016
"Bangladesh","2.66","87","2.57","2.48","2.73","2.67","2.59","2.90",2016
"Ghana","2.66","88","2.46","2.48","2.71","2.54","2.52","3.21",2016
"Costa Rica","2.65","89","2.33","2.32","2.89","2.55","2.77","2.98",2016
"Nigeria","2.63","90","2.46","2.40","2.43","2.74","2.70","3.04",2016
"Dominican Republic","2.63","91","2.39","2.29","2.67","2.68","2.63","3.06",2016
"Togo","2.62","92","2.49","2.24","2.62","2.46","2.60","3.24",2016
"Moldova","2.61","93","2.39","2.35","2.60","2.48","2.67","3.16",2016
"Colombia","2.61","94","2.21","2.43","2.55","2.67","2.55","3.23",2016
"Côte d'Ivoire","2.60","95","2.67","2.46","2.54","2.62","2.62","2.71",2016
"Iran, Islamic Rep,","2.60","96","2.33","2.67","2.67","2.67","2.44","2.81",2016
"Bosnia and Herzegovina","2.60","97","2.69","2.61","2.28","2.52","2.56","2.94",2016
"Comoros","2.58","98","2.63","2.36","2.58","2.60","2.44","2.82",2016
"Russian Federation","2.57","99","2.01","2.43","2.45","2.76","2.62","3.15",2016
"Niger","2.56","100","2.59","2.22","2.63","2.50","2.35","3.02",2016
"Paraguay","2.56","101","2.38","2.45","2.58","2.69","2.30","2.93",2016
"Nicaragua","2.53","102","2.48","2.50","2.50","2.55","2.47","2.68",2016
"Sudan","2.53","103","2.23","2.20","2.57","2.36","2.49","3.28",2016
"Maldives","2.51","104","2.39","2.57","2.34","2.44","2.49","2.88",2016
"Papua New Guinea","2.51","105","2.55","2.32","2.46","2.35","2.58","2.78",2016
"Macedonia, FYR","2.51","106","2.21","2.58","2.45","2.36","2.32","3.13",2016
"Burundi","2.51","107","2.02","1.98","2.42","2.46","2.68","3.45",2016
"Mongolia","2.51","108","2.39","2.05","2.37","2.31","2.47","3.40",2016
"Mali","2.50","109","2.45","2.30","2.48","2.46","2.36","2.93",2016
"Tunisia","2.50","110","1.96","2.44","2.33","2.59","2.67","3.00",2016
"Guatemala","2.48","111","2.47","2.20","2.41","2.30","2.46","2.98",2016
"Honduras","2.46","112","2.21","2.04","2.58","2.44","2.53","2.91",2016
"Myanmar","2.46","113","2.43","2.33","2.23","2.36","2.57","2.85",2016
"Zambia","2.43","114","2.25","2.26","2.51","2.42","2.36","2.74",2016
"Benin","2.43","115","2.20","2.39","2.55","2.47","2.23","2.69",2016
"Solomon Islands","2.42","116","2.60","2.21","2.28","2.43","2.18","2.76",2016
"Albania","2.41","117","2.23","1.98","2.48","2.48","2.15","3.05",2016
"Uzbekistan","2.40","118","2.32","2.45","2.36","2.39","2.05","2.83",2016
"Jamaica","2.40","119","2.37","2.23","2.44","2.31","2.38","2.64",2016
"Belarus","2.40","120","2.06","2.10","2.62","2.32","2.16","3.04",2016
"Trinidad and Tobago","2.40","121","2.38","2.34","2.31","2.28","2.28","2.79",2016
"Venezuela, RB","2.39","122","1.99","2.35","2.47","2.34","2.48","2.71",2016
"Montenegro","2.38","123","2.22","2.07","2.56","2.31","2.37","2.69",2016
"Nepal","2.38","124","1.93","2.27","2.50","2.13","2.47","2.93",2016
"Congo, Rep,","2.38","125","2.00","2.60","2.37","2.26","2.48","2.57",2016
"Ethiopia","2.38","126","2.60","2.12","2.56","2.37","2.18","2.37",2016
"Congo, Dem, Rep,","2.38","127","2.22","2.01","2.33","2.33","2.37","2.94",2016
"Guinea-Bissau","2.37","128","2.44","1.91","2.57","2.07","2.41","2.74",2016
"Guinea","2.36","129","2.28","2.01","2.38","2.54","2.54","2.38",2016
"Georgia","2.35","130","2.26","2.17","2.35","2.08","2.44","2.80",2016
"Cuba","2.35","131","2.38","2.31","2.31","2.25","2.31","2.51",2016
"Senegal","2.33","132","2.31","2.23","2.25","2.39","2.15","2.61",2016
"São Tomé and Principe","2.33","133","2.24","2.12","2.26","2.42","2.14","2.75",2016
"Djibouti","2.32","134","2.37","2.30","2.48","1.96","2.09","2.69",2016
"Bhutan","2.32","135","2.21","1.96","2.50","2.30","2.20","2.70",2016
"Fiji","2.32","136","2.33","2.25","2.21","2.25","2.25","2.60",2016
"Libya","2.26","137","1.88","2.04","2.40","2.50","1.85","2.83",2016
"Bolivia","2.25","138","1.97","2.11","2.40","1.90","2.31","2.79",2016
"Angola","2.24","139","1.80","2.13","2.37","2.31","2.21","2.59",2016
"Turkmenistan","2.21","140","2.00","2.34","2.37","2.09","1.84","2.59",2016
"Armenia","2.21","141","1.95","2.22","2.22","2.21","2.02","2.60",2016
"Liberia","2.20","142","2.07","2.01","2.22","2.07","2.07","2.73",2016
"Gabon","2.19","143","2.07","2.05","2.28","2.12","2.07","2.52",2016
"Eritrea","2.17","144","2.01","2.06","2.16","2.25","2.03","2.50",2016
"Chad","2.16","145","2.08","2.07","2.41","2.06","2.07","2.25",2016
"Kyrgyz Republic","2.16","146","1.80","1.96","2.10","1.96","2.39","2.72",2016
"Madagascar","2.15","147","2.33","2.12","2.17","1.93","2.01","2.35",2016
"Cameroon","2.15","148","2.09","2.21","1.98","2.32","2.04","2.29",2016
"Iraq","2.15","149","2.01","1.87","2.33","1.97","1.98","2.66",2016
"Afghanistan","2.14","150","2.01","1.84","2.38","2.15","1.77","2.61",2016
"Zimbabwe","2.08","151","2.00","2.21","2.08","2.13","1.95","2.13",2016
"Lao PDR","2.07","152","1.85","1.76","2.18","2.10","1.76","2.68",2016
"Tajikistan","2.06","153","1.93","2.13","2.12","2.12","2.04","2.04",2016
"Lesotho","2.03","154","1.91","1.96","1.84","2.16","1.92","2.35",2016
"Sierra Leone","2.03","155","1.91","2.07","2.31","1.85","1.74","2.23",2016
"Equatorial Guinea","1.88","156","1.88","1.50","1.89","1.75","1.89","2.32",2016
"Mauritania","1.87","157","2.14","1.54","2.00","1.74","1.54","2.14",2016
"Somalia","1.75","158","1.29","1.57","1.86","1.85","1.51","2.35",2016
"Haiti","1.72","159","1.70","1.47","1.81","1.68","1.56","2.02",2016
"Syrian Arab Republic","1.60","160","1.11","1.24","1.36","1.39","2.10","2.40",2016
